product_id,kcal,carbs_g,sugar_g,fat_g,sat_fat_g,protein_g,salt_g,caffeine_mg,taurine_mg,source,source_ref
dbcfcbdf-05e9-4bd5-ba24-5362d09612d9,3.0,0.0,0.0,0.0,0.0,0.0,0.1,31.0,390.0,,
1e86d7b4-fecc-4e2a-a930-a7e92f0067da,2.0,0.9,0.0,0.0,0.0,0.0,0.2,30.0,430.0,,
740427bf-4a2f-53a2-8efc-d66889bf2062,45,11,11,0,0,0,0,32,,open_food_facts,4260160950010
af361529-34db-55e6-a196-798accffb780,2,0,0,0,0,0,0.03,32,,open_food_facts,4260160952014
3ff1e502-608b-5292-a461-fdc76e9ac63a,46,11,11,0,0,0,0,,,open_food_facts,4260160952281
1a13d1d3-4e08-55ca-8c0b-7fa6d10ab88b,43,10,10,0,0,0,0,32,,open_food_facts,4260160951666
23535730-1b2b-5ae1-938f-5c3ef294d928,47,11,11,0.5,0.1,0.5,0.12,,,open_food_facts,4260667060007
b8a9ceb9-9078-5245-9da7-ceea442d515a,48,11,11,0.5,0.1,0.5,0.15,,,open_food_facts,4021155160179
f2b5e8aa-da01-5578-b48f-078ae6b5b32a,3,0,0,0,0,0.5,0,,,open_food_facts,8720211190049
8ffbbb7b-7362-509b-9def-a5f95e93b828,2,0.01,0,0,0,0.02,0.17,32,,open_food_facts,4311596490202
bda68e78-dbec-5075-af97-85c322dcd23e,41,9.8,9.8,0,0,0.01,0,,,open_food_facts,4044703012201
e864b28e-3856-5adf-8788-2eff1aa3dc92,42,10,10,0,0,0,0,,,open_food_facts,4044703011679
26a1b979-f3ee-546c-8951-73d3643444cc,43,10.5,10.4,0,0,0,0,,,open_food_facts,4311596490363
73591768-008b-5029-8ccd-c1cfc4f093d2,31,7.3,7.2,0,0,0,0,,,open_food_facts,4044703048248
3935ef25-6240-5717-8159-7001167b2498,43,10.4,10.4,0,0,0,0,32,,open_food_facts,4311596483037
c978d077-51f9-5059-aa6c-961ffb317651,44,10.4,10.4,0,0,0,0.2,,,open_food_facts,4311596491322
15a992b5-1209-5cd6-8cfa-2f05205cbdac,3,0,0,0,0,0,0,,,open_food_facts,0842595113129
3988f3a6-b4b4-5302-a112-695c13a2cce5,52,11,11,0.5,0.1,0.5,0.23,,,open_food_facts,4337185695636
0dac04bc-8694-56c0-be8f-a0cddb3bb6ac,47,11,11,0.5,0.1,0.5,0.16,,,open_food_facts,4063367130922
54c9860f-4911-580f-a50d-91f609aeceb0,44,10,10,0.5,0.1,0.5,0.2,,,open_food_facts,4063367354335
a136dbf5-773a-5a7e-b51a-754c47e9c2dc,40,9.6,9.6,0,0.06,0,0.06,,,open_food_facts,4025127087396
719e145c-f2aa-553d-9d99-d955c8465b3d,46,10.7,10.7,0,0,0,0.17,32,,open_food_facts,4025127020997
e7ea2417-2360-5768-b7b3-69e51afeaa65,46,10.7,10.7,0,0,0,0.17,,,open_food_facts,4025127020799
b37542d8-7dbf-53fd-8d18-94a5ce31abf9,4,0,0,0.2,0,0,0.09,,,open_food_facts,4025127089468
23ca25aa-b67d-5cb3-807b-a62e758240e8,46,11,11,0,0,0,0,,,open_food_facts,4025127091928
7021b15f-5d86-5c46-b8fa-7ee0e5fc69ea,46,10.7,10.7,0,0,0,0.2,,,open_food_facts,4025127020027
bfc58fea-2974-527b-8af8-d6bc881b9e65,4,0,0,0,0,0,0.09,30,,open_food_facts,4025127089505
8b5a4ffe-c9c7-5ae6-8d6b-69bf4365a8ad,4,2.1,0,0,0,0,0.13,,,open_food_facts,4025127089482
3b20e793-78f1-52a3-a693-bc30e701956a,4,0,0,0,0,0,0.17,,,open_food_facts,4025127020683
15f9ab35-84a5-5ebd-b367-c88ea763ac59,50,12,12,0,0,0,0.21,,,open_food_facts,4047247926454
cb10c20f-67d5-5228-8af9-662639705711,44,10,10,0,0,0,0.21,,,open_food_facts,4047247926461
068c8a19-9761-5312-b7bd-8db1a13a8f45,66,16,16,0.5,0.1,0.5,0.06,32,,open_food_facts,4061462355264
29d8d259-b88f-57d1-a390-38ae04aec3da,44,10,10,0,0,0,0.21,,,open_food_facts,4047247926447
3525b74e-780b-5b97-97df-fc8e23b1b35c,51,12,12,0,0,0,0.21,,,open_food_facts,4047247339742
723dec1e-cf07-58f0-a940-977975729336,40,9.6,9.6,0.5,0.1,0.5,0.01,,,open_food_facts,4061458252621
a67b74d9-09fd-576d-b309-36c552963afa,46,11,10,0.5,0.1,0.5,0.23,30,,open_food_facts,4047247339773
33f6a4c5-df2a-57ba-86b0-7efa4e314d4f,48,11,11,0,0,0,0.2,,,open_food_facts,4061458252645
1191be29-2b12-5d3f-8078-7c27bae12c92,3,0,0,0,0,0,0.2,,,open_food_facts,4061458252652
028ba400-1118-5546-abba-c3a62bfd6588,3,0,0,0,0,0,0.12,,,open_food_facts,4047247339766
c3cedaa1-9497-5f03-b92e-2d379446ec99,58,14,14,0,0,0,0,,,open_food_facts,42392262
861ec936-0fcd-50f5-80ec-a02106742fca,19,4.3,4.3,0.5,0.1,0.5,0.08,20,,open_food_facts,4061459666472
c4478e50-2139-5e1c-8ab7-337a3a13d62a,19,4.3,4.3,0.5,0.1,0.5,0.01,20,,open_food_facts,4061459666434
8a745135-451b-5d88-afac-31f479431946,3,0,0,0,0,0,0.14,,,open_food_facts,4047247016155
66b489c1-3c1e-519a-9b48-e1fde380ca69,2,0.5,0,0,0,0.5,0.01,32,,open_food_facts,4262484620013
e108d4fb-4417-5234-85c8-6b7d83fc274a,3,0,0,0,0,0,0,32,,open_food_facts,4260456730180
1101a609-3ac7-5ef9-885b-6b30b910fcf5,3,0,0,0,0,0,0,,,open_food_facts,4260456730227
384d8bad-3062-5daa-acb5-20bef96ff657,2,0.5,0,0,0,0.5,0.01,32,,open_food_facts,4260456730388
806354d0-8a68-5402-a2f4-03e39da14550,2,0.5,0,0,0,0.5,0.01,,,open_food_facts,4260456730401
d4efabe2-2974-5cbe-a448-df4d50096fc2,2,0.5,0,0,0,0.5,0.01,,,open_food_facts,4260456730395
deb55325-c53a-5d34-93d8-12b746631101,34,8,8,0,0,0,0.06,,,open_food_facts,42414025
a475c39b-2d47-5c1c-8cf7-4018ee13e688,48,11.4,11.4,0,0,0,0.27,,,open_food_facts,42391944
954a776c-9f7c-53f8-b866-1d1afac79ab4,44,10.2,9.9,0,0,0.3,0.23,32,,open_food_facts,42391760
a7bb13b1-9872-5a5f-bc8c-988650c124a6,40,9.5,9.5,0,0,0,0.07,,,open_food_facts,4056489962984
f2540e27-5631-5f05-9f8d-40017c5002ab,3,0.1,0.1,0,0,0.4,0.09,,,open_food_facts,42391968
365072ee-a7fe-5fb7-aa6f-13c76843924a,4,0,0,0,0,0,0.25,30,400,open_food_facts,42391951
bfedfd08-44e1-5435-81b2-edc2593eec33,31,7.4,7.3,0,0,0.1,0.01,,,open_food_facts,42401360
41c71b22-8eeb-59b0-b840-91d323ba5cf9,2,0,0,0,0,0,0.23,,,open_food_facts,42376040
440a3505-04b7-517c-a5be-5fc46b0b3d21,42,10.1,10,0,0,0,0.24,,,open_food_facts,42276098
2b1fdf4b-8d58-5813-a4d3-ef6079224214,3,1,0,0,0,0,0.21,30,,open_food_facts,5060335635242
438b20a8-28cd-5798-9909-7c8ade0615e9,71,18,16,0,0,0,0.06,,,open_food_facts,5060335635235
817ad61f-1d26-534f-929f-92c2fa4fe7f1,3,1.4,0,0,0,0,0.2,,,open_food_facts,5060517883638
d9299b2e-466d-5557-965c-a43fedc8621a,56,6.9,6.6,2.1,1.4,2.5,0.1,,,open_food_facts,5060639120949
2828971f-2e5a-5616-a955-a7fa19942fd4,34,8.6,7.8,0.01,0,0,0.06,,,open_food_facts,5060896622859
3359af5e-6876-53ee-b6b1-209d8c3a7275,3,0.8,0,0,0,0,0.16,32,,open_food_facts,5060896625829
ad15f3b7-f645-51a8-a7ee-8cb2b7717c62,42,11,9.7,0,0,0,0.08,32,,open_food_facts,5060947541986
77b3651e-92a5-5d57-95f4-708a43c3452e,38,9.7,8.4,0,0,1.1,0.22,32,,open_food_facts,5060896622132
052a2824-5a11-5557-b6bc-8140a63c0456,2,0.6,0,0,0,0,0.19,,,open_food_facts,5060337500609
90fdf165-725f-5137-ab60-af45751849b2,44,11,10,0,0,0.1,0.1,,,open_food_facts,5060751212393
28feb9f0-9845-5aad-92f2-d00c02f0f5d9,38,9.5,9,0,0,0,0.05,,,open_food_facts,5060335635280
f6607c05-9a11-5031-9efc-356d56153d3d,10,2.2,2.1,0.1,0.1,0.1,0.12,,,open_food_facts,5060337507608
cec3e665-6a55-5cb2-98b8-dd9ab136e962,44,11,10,0,0,0,0.02,32,,open_food_facts,5060335635266
7857e2ad-a23c-5ad0-955c-193dea122b77,3,1.3,0,0,0,0,0.2,30,,open_food_facts,5060751212249
1770d5ae-21e7-59da-8691-0f75f3222e7b,3,0.9,0,0,0,0,0.16,,,open_food_facts,5060639126897
4f1c2d3b-358d-5667-b196-e2e057a1d8d1,3,1.3,0,0,0,0,0.1,,,open_food_facts,5060751219095
e62752c2-47f2-5cd5-87f2-ad50a2cc6791,25,6.5,5.9,0,0,0,0.12,,,open_food_facts,5060896628790
48537652-ab77-5df4-85ef-65b442e20391,3,0.9,0,0,0,0,0.2,,,open_food_facts,5060947541153
09318993-4f1c-5b48-9868-85d7b9ef471f,4,0,0,0,0,0.9,0,,,open_food_facts,7340131601671
88c23f16-a1c9-5b3e-9d8f-99fe69cc99ae,44,10,10,0,0,0,0.1,,,open_food_facts,90433221
7ce7a6fa-6097-5e0c-b217-7f1620680858,46,11,11,0,0,0,0.1,,,open_food_facts,90453793
5a990fc7-cdaf-5232-8f52-bf9eb4e8b58e,46,11,11,0,0,0,0.1,32,,open_food_facts,90376603
05ae1f00-5a47-5832-8d0f-4798e8bbe92e,45,11,11,0,0,0,0.1,,,open_food_facts,90453885
7f1a0915-479a-546d-a45b-39200567ce19,45,11,11,0,0,0,0.1,32,,open_food_facts,90433627
e32ead25-521c-5ed4-a17f-bcb39cc5d7e6,46,11,11,0,0,0,0.1,,,open_food_facts,9002490228736
1af72b33-8894-5ceb-855c-4d4addf0473d,46,11,11,0,0,0,0.1,,,open_food_facts,9002490206840
c87f6e2e-9fdc-5d81-962c-9063bcfd499b,46,11,11,0,0,0,0.1,,,open_food_facts,90376139
73ab667f-75d7-4b02-a42e-47bae05ae065,46,11,11,0,0,0,0.1,,,open_food_facts,9002490205973
35230bb0-9361-5dbd-a3b9-4cb7842383a1,45,11,11,0,0,0,0.1,32,,open_food_facts,90446535
5bd9d372-5b2a-57c1-82d2-07682caebf2e,46,11,11,0,0,0,0.1,,,open_food_facts,90415722
57324133-93d8-5831-bfad-6dd64072ead5,46,11,11,0,0,0,0.1,,,open_food_facts,90424168
06dfa838-516b-5815-b821-387d984277b7,2,0,0,0,0,0,0.02,,,open_food_facts,90415296
79380b18-fdb9-5a00-8df9-8d4d8956d421,45,11,11,0,0,0,0.1,,,open_food_facts,90446870
d6a55d57-3b1b-4a2b-aff1-edeb0eb48399,45,11,11,0,0,0,0.1,32,,open_food_facts,90446689
c880d239-573a-504d-be1f-3b62d487e1f7,45,11,11,0,0,0,0.1,,,open_food_facts,90448393
056f23d1-34f2-590c-a4a7-18cb4b5a7bd1,3,0,0,0,0,0,0.1,30,400,open_food_facts,9002490242329
c2e0620f-37f0-5565-9a1d-810947b0b17f,3,0.7,0,0,0,0.2,0.3,,,open_food_facts,5060608742967
3a8cecaf-33cf-5dab-b8d7-c31defd072c2,54,13,13,0,0,0.2,0,,,open_food_facts,4060800200730
964f50eb-8365-5e4b-a09d-ae622f710078,59,13.9,13.7,0,0,0.1,0.2,,,open_food_facts,4060800200341
b8f208f2-55b5-5b86-be5b-9bb5cfeb8e7c,54,13,12.9,0,0,0.2,0.01,,,open_food_facts,4060800179678
0caff37e-1d2a-5b60-8232-3d7e416de1c0,5,1.3,0.9,0,0,0,0.06,,,open_food_facts,4060800200259
7c74b27b-3fbd-5cc5-9046-fa816c1e93e7,40,9.8,9.8,0.5,0.1,0.5,0.01,32,,open_food_facts,4060800160805
47ef70c8-ff5b-5ff6-a7f6-faf53039d6b3,41,9.8,9.8,0.5,0.1,0.5,0.01,,,open_food_facts,4060800160300
25bbbcc2-bd4d-5a2f-aca3-e9861dc57b63,57,13.8,13.8,0,0,0.1,0.01,31,,open_food_facts,4060800160683
6ed38422-9def-5fb8-a40c-cf4b6451ed04,2,0.8,0,0,0,0.2,0.1,,,open_food_facts,4060800200532
ca4611e9-c57a-5747-baae-feb3bca94e38,3,0.7,0,0,0,0.2,0.1,,,open_food_facts,4060800200563
27862b69-e310-5417-91d5-d4f8f44edfa9,59,14,13.9,0,0,0.2,0.1,31,,open_food_facts,4060800200631
2f6af537-1c30-5466-813d-e81873180cea,50,11.7,11.7,0,0,0.2,0.2,,,open_food_facts,4060800160003
028f9b75-0e57-5a2f-848b-0a0aa748678e,56,13.5,13.4,0,0,0.2,0,,,open_food_facts,4060800178053
c48adcc8-d83d-59d6-83c6-3fbfc92faff2,5,1.3,0.6,0,0,0,0.06,,,open_food_facts,4060800200228
799e4a55-9984-5d47-a250-f41507f0ccd5,3,0.7,0,0,0,0.2,0.1,32,,open_food_facts,4060800200501
93f20aa2-f5a6-535e-938a-ecb56de993a6,52,12.5,12.5,0,0,0.02,0.16,,,open_food_facts,4062139004072
d6ad9a65-b2ee-54a2-952e-d98e51fae43e,34,7.8,7.8,0,0,0.2,0.1,,,open_food_facts,4060800179111
85cb9a04-75e3-5d05-a4a7-3651bb42168c,60,14,14,0,0,0.2,0,32,,open_food_facts,4060800178701
4a3650d4-b275-57c0-838f-ba9704366cbf,33,8,7.7,0,0,0.2,0.04,,,open_food_facts,4060800200136
82571b0b-24c3-5efe-83f8-5f1031bbce5c,44,10,10,0.5,0.1,0.5,0.15,32,,open_food_facts,4306188351139
70bf6429-7fa1-5071-b8b8-06880fd52239,43,9.8,9.8,0,0,0,0.27,,,open_food_facts,9040400000911
24d566a3-0c3f-538c-88dc-253fb49d1f2a,0,0,0,0,0,0,0,,,open_food_facts,4013595055245
8d7c1733-f3f3-5ef3-9902-dd8181c5e1f0,44,11,11,0,0,0,0,32,,open_food_facts,4013595055214
