product_id,retailer_id,source
028f9b75-0e57-5a2f-848b-0a0aa748678e,7f36d52e-be9b-4065-b08b-02cf4e97ed63,open_food_facts
052a2824-5a11-5557-b6bc-8140a63c0456,7f36d52e-be9b-4065-b08b-02cf4e97ed63,open_food_facts
05ae1f00-5a47-5832-8d0f-4798e8bbe92e,cc1e8a14-1d30-5ba9-bc56-ec957ccfb058,open_food_facts
05ae1f00-5a47-5832-8d0f-4798e8bbe92e,7f36d52e-be9b-4065-b08b-02cf4e97ed63,open_food_facts
05ae1f00-5a47-5832-8d0f-4798e8bbe92e,bc883dfe-8c5b-5c5d-8db2-94fcec111527,open_food_facts
05ae1f00-5a47-5832-8d0f-4798e8bbe92e,757e09fd-62b6-5d28-826f-bb120cb4154f,open_food_facts
05ae1f00-5a47-5832-8d0f-4798e8bbe92e,a65d622e-7ad9-59b5-87a7-7b65f352c53e,open_food_facts
05ae1f00-5a47-5832-8d0f-4798e8bbe92e,4a0685d2-e243-4b2e-b9b7-100a501e2917,open_food_facts
068c8a19-9761-5312-b7bd-8db1a13a8f45,7167ce2d-5dc8-5ba2-ade2-db16c1e3fee1,open_food_facts
06dfa838-516b-5815-b821-387d984277b7,4a0685d2-e243-4b2e-b9b7-100a501e2917,open_food_facts
0dac04bc-8694-56c0-be8f-a0cddb3bb6ac,bc883dfe-8c5b-5c5d-8db2-94fcec111527,open_food_facts
1101a609-3ac7-5ef9-885b-6b30b910fcf5,4a0685d2-e243-4b2e-b9b7-100a501e2917,open_food_facts
1191be29-2b12-5d3f-8078-7c27bae12c92,7167ce2d-5dc8-5ba2-ade2-db16c1e3fee1,open_food_facts
15a992b5-1209-5cd6-8cfa-2f05205cbdac,6348493a-94d1-5850-a958-2ffdce6307bf,open_food_facts
15f9ab35-84a5-5ebd-b367-c88ea763ac59,cc1e8a14-1d30-5ba9-bc56-ec957ccfb058,open_food_facts
1770d5ae-21e7-59da-8691-0f75f3222e7b,d3339699-4ecc-56b4-8ecb-10b761ed8473,open_food_facts
1a13d1d3-4e08-55ca-8c0b-7fa6d10ab88b,4a0685d2-e243-4b2e-b9b7-100a501e2917,open_food_facts
1af72b33-8894-5ceb-855c-4d4addf0473d,4a0685d2-e243-4b2e-b9b7-100a501e2917,open_prices
25bbbcc2-bd4d-5a2f-aca3-e9861dc57b63,7f36d52e-be9b-4065-b08b-02cf4e97ed63,open_food_facts
25bbbcc2-bd4d-5a2f-aca3-e9861dc57b63,757e09fd-62b6-5d28-826f-bb120cb4154f,open_prices
25bbbcc2-bd4d-5a2f-aca3-e9861dc57b63,a65d622e-7ad9-59b5-87a7-7b65f352c53e,open_food_facts
25bbbcc2-bd4d-5a2f-aca3-e9861dc57b63,4a0685d2-e243-4b2e-b9b7-100a501e2917,open_food_facts
27862b69-e310-5417-91d5-d4f8f44edfa9,4a0685d2-e243-4b2e-b9b7-100a501e2917,open_food_facts
2828971f-2e5a-5616-a955-a7fa19942fd4,03de5778-bcfd-5c86-9702-d4a6d71038e4,open_food_facts
28feb9f0-9845-5aad-92f2-d00c02f0f5d9,7f36d52e-be9b-4065-b08b-02cf4e97ed63,open_food_facts
29d8d259-b88f-57d1-a390-38ae04aec3da,cc1e8a14-1d30-5ba9-bc56-ec957ccfb058,open_food_facts
2b1fdf4b-8d58-5813-a4d3-ef6079224214,4a0685d2-e243-4b2e-b9b7-100a501e2917,open_prices
3359af5e-6876-53ee-b6b1-209d8c3a7275,bc883dfe-8c5b-5c5d-8db2-94fcec111527,open_food_facts
3359af5e-6876-53ee-b6b1-209d8c3a7275,a65d622e-7ad9-59b5-87a7-7b65f352c53e,open_prices
3525b74e-780b-5b97-97df-fc8e23b1b35c,cc1e8a14-1d30-5ba9-bc56-ec957ccfb058,open_food_facts
365072ee-a7fe-5fb7-aa6f-13c76843924a,757e09fd-62b6-5d28-826f-bb120cb4154f,open_food_facts
384d8bad-3062-5daa-acb5-20bef96ff657,a919debc-344d-5643-bc7a-6b4ebf7e0a94,open_prices
3b20e793-78f1-52a3-a693-bc30e701956a,7f36d52e-be9b-4065-b08b-02cf4e97ed63,open_food_facts
438b20a8-28cd-5798-9909-7c8ade0615e9,bc883dfe-8c5b-5c5d-8db2-94fcec111527,open_food_facts
438b20a8-28cd-5798-9909-7c8ade0615e9,4a0685d2-e243-4b2e-b9b7-100a501e2917,open_food_facts
440a3505-04b7-517c-a5be-5fc46b0b3d21,757e09fd-62b6-5d28-826f-bb120cb4154f,open_food_facts
47ef70c8-ff5b-5ff6-a7f6-faf53039d6b3,7f36d52e-be9b-4065-b08b-02cf4e97ed63,open_food_facts
4a3650d4-b275-57c0-838f-ba9704366cbf,cc1e8a14-1d30-5ba9-bc56-ec957ccfb058,open_food_facts
4a3650d4-b275-57c0-838f-ba9704366cbf,7f36d52e-be9b-4065-b08b-02cf4e97ed63,open_food_facts
4a3650d4-b275-57c0-838f-ba9704366cbf,757e09fd-62b6-5d28-826f-bb120cb4154f,open_food_facts
4a3650d4-b275-57c0-838f-ba9704366cbf,a65d622e-7ad9-59b5-87a7-7b65f352c53e,open_food_facts
4a3650d4-b275-57c0-838f-ba9704366cbf,4a0685d2-e243-4b2e-b9b7-100a501e2917,open_food_facts
4f1c2d3b-358d-5667-b196-e2e057a1d8d1,d3339699-4ecc-56b4-8ecb-10b761ed8473,open_food_facts
54c9860f-4911-580f-a50d-91f609aeceb0,bc883dfe-8c5b-5c5d-8db2-94fcec111527,open_food_facts
5a990fc7-cdaf-5232-8f52-bf9eb4e8b58e,7f36d52e-be9b-4065-b08b-02cf4e97ed63,open_food_facts
5a990fc7-cdaf-5232-8f52-bf9eb4e8b58e,a65d622e-7ad9-59b5-87a7-7b65f352c53e,open_food_facts
5a990fc7-cdaf-5232-8f52-bf9eb4e8b58e,4a0685d2-e243-4b2e-b9b7-100a501e2917,open_food_facts
66b489c1-3c1e-519a-9b48-e1fde380ca69,4a0685d2-e243-4b2e-b9b7-100a501e2917,open_food_facts
6ed38422-9def-5fb8-a40c-cf4b6451ed04,ec88c807-734f-483d-90ab-f64b70eb6824,open_food_facts
719e145c-f2aa-553d-9d99-d955c8465b3d,ec88c807-734f-483d-90ab-f64b70eb6824,open_food_facts
723dec1e-cf07-58f0-a940-977975729336,7167ce2d-5dc8-5ba2-ade2-db16c1e3fee1,open_food_facts
7857e2ad-a23c-5ad0-955c-193dea122b77,ec88c807-734f-483d-90ab-f64b70eb6824,open_prices
7857e2ad-a23c-5ad0-955c-193dea122b77,4a0685d2-e243-4b2e-b9b7-100a501e2917,open_food_facts
7c74b27b-3fbd-5cc5-9046-fa816c1e93e7,7f36d52e-be9b-4065-b08b-02cf4e97ed63,open_food_facts
7f1a0915-479a-546d-a45b-39200567ce19,4a0685d2-e243-4b2e-b9b7-100a501e2917,open_prices
85cb9a04-75e3-5d05-a4a7-3651bb42168c,d5f57bea-f319-50fd-86ab-29be50553acb,open_food_facts
85cb9a04-75e3-5d05-a4a7-3651bb42168c,7f36d52e-be9b-4065-b08b-02cf4e97ed63,open_food_facts
85cb9a04-75e3-5d05-a4a7-3651bb42168c,757e09fd-62b6-5d28-826f-bb120cb4154f,open_food_facts
85cb9a04-75e3-5d05-a4a7-3651bb42168c,ec88c807-734f-483d-90ab-f64b70eb6824,open_food_facts
85cb9a04-75e3-5d05-a4a7-3651bb42168c,a65d622e-7ad9-59b5-87a7-7b65f352c53e,open_food_facts
85cb9a04-75e3-5d05-a4a7-3651bb42168c,4a0685d2-e243-4b2e-b9b7-100a501e2917,open_food_facts
861ec936-0fcd-50f5-80ec-a02106742fca,cc1e8a14-1d30-5ba9-bc56-ec957ccfb058,open_food_facts
88c23f16-a1c9-5b3e-9d8f-99fe69cc99ae,7f36d52e-be9b-4065-b08b-02cf4e97ed63,open_food_facts
88c23f16-a1c9-5b3e-9d8f-99fe69cc99ae,4a0685d2-e243-4b2e-b9b7-100a501e2917,open_food_facts
8a745135-451b-5d88-afac-31f479431946,cc1e8a14-1d30-5ba9-bc56-ec957ccfb058,open_food_facts
90fdf165-725f-5137-ab60-af45751849b2,03de5778-bcfd-5c86-9702-d4a6d71038e4,open_food_facts
90fdf165-725f-5137-ab60-af45751849b2,4a0685d2-e243-4b2e-b9b7-100a501e2917,open_food_facts
954a776c-9f7c-53f8-b866-1d1afac79ab4,757e09fd-62b6-5d28-826f-bb120cb4154f,open_food_facts
a136dbf5-773a-5a7e-b51a-754c47e9c2dc,bc883dfe-8c5b-5c5d-8db2-94fcec111527,open_food_facts
a475c39b-2d47-5c1c-8cf7-4018ee13e688,757e09fd-62b6-5d28-826f-bb120cb4154f,open_food_facts
a67b74d9-09fd-576d-b309-36c552963afa,3a5d857a-add6-54d4-806d-71c21872603e,open_food_facts
a67b74d9-09fd-576d-b309-36c552963afa,7167ce2d-5dc8-5ba2-ade2-db16c1e3fee1,open_food_facts
a7bb13b1-9872-5a5f-bc8c-988650c124a6,757e09fd-62b6-5d28-826f-bb120cb4154f,open_food_facts
ad15f3b7-f645-51a8-a7ee-8cb2b7717c62,bc883dfe-8c5b-5c5d-8db2-94fcec111527,open_prices
ad15f3b7-f645-51a8-a7ee-8cb2b7717c62,4a0685d2-e243-4b2e-b9b7-100a501e2917,open_food_facts
af361529-34db-55e6-a196-798accffb780,7f36d52e-be9b-4065-b08b-02cf4e97ed63,open_food_facts
b8f208f2-55b5-5b86-be5b-9bb5cfeb8e7c,4a0685d2-e243-4b2e-b9b7-100a501e2917,open_food_facts
bfc58fea-2974-527b-8af8-d6bc881b9e65,bc883dfe-8c5b-5c5d-8db2-94fcec111527,open_food_facts
bfedfd08-44e1-5435-81b2-edc2593eec33,757e09fd-62b6-5d28-826f-bb120cb4154f,open_food_facts
c3cedaa1-9497-5f03-b92e-2d379446ec99,cc1e8a14-1d30-5ba9-bc56-ec957ccfb058,open_food_facts
c48adcc8-d83d-59d6-83c6-3fbfc92faff2,ec88c807-734f-483d-90ab-f64b70eb6824,open_food_facts
c978d077-51f9-5059-aa6c-961ffb317651,ec88c807-734f-483d-90ab-f64b70eb6824,open_food_facts
cb10c20f-67d5-5228-8af9-662639705711,cc1e8a14-1d30-5ba9-bc56-ec957ccfb058,open_food_facts
cec3e665-6a55-5cb2-98b8-dd9ab136e962,bc883dfe-8c5b-5c5d-8db2-94fcec111527,open_food_facts
cec3e665-6a55-5cb2-98b8-dd9ab136e962,7c5605df-07ae-50f3-a949-93a640e5b4a7,open_food_facts
cec3e665-6a55-5cb2-98b8-dd9ab136e962,4a0685d2-e243-4b2e-b9b7-100a501e2917,open_food_facts
d4efabe2-2974-5cbe-a448-df4d50096fc2,a919debc-344d-5643-bc7a-6b4ebf7e0a94,open_food_facts
d6ad9a65-b2ee-54a2-952e-d98e51fae43e,7f36d52e-be9b-4065-b08b-02cf4e97ed63,open_food_facts
d9299b2e-466d-5557-965c-a43fedc8621a,4a0685d2-e243-4b2e-b9b7-100a501e2917,open_food_facts
deb55325-c53a-5d34-93d8-12b746631101,757e09fd-62b6-5d28-826f-bb120cb4154f,open_food_facts
e108d4fb-4417-5234-85c8-6b7d83fc274a,4a0685d2-e243-4b2e-b9b7-100a501e2917,open_food_facts
e32ead25-521c-5ed4-a17f-bcb39cc5d7e6,757e09fd-62b6-5d28-826f-bb120cb4154f,open_food_facts
e62752c2-47f2-5cd5-87f2-ad50a2cc6791,4a0685d2-e243-4b2e-b9b7-100a501e2917,open_food_facts
f6607c05-9a11-5031-9efc-356d56153d3d,7f36d52e-be9b-4065-b08b-02cf4e97ed63,open_food_facts
f6607c05-9a11-5031-9efc-356d56153d3d,14368e91-6490-5bba-9011-128b8adcc7bc,open_food_facts
f6607c05-9a11-5031-9efc-356d56153d3d,757e09fd-62b6-5d28-826f-bb120cb4154f,open_food_facts
f6607c05-9a11-5031-9efc-356d56153d3d,4a0685d2-e243-4b2e-b9b7-100a501e2917,open_food_facts
