product_id,avg_regular_price,report_count,source
2b1fdf4b-8d58-5813-a4d3-ef6079224214,1.49,1,open_prices
384d8bad-3062-5daa-acb5-20bef96ff657,1.49,1,open_prices
438b20a8-28cd-5798-9909-7c8ade0615e9,1.49,1,open_prices
7f1a0915-479a-546d-a45b-39200567ce19,1.49,1,open_prices
a136dbf5-773a-5a7e-b51a-754c47e9c2dc,1.09,1,open_prices
ad15f3b7-f645-51a8-a7ee-8cb2b7717c62,1.49,1,open_prices
d4efabe2-2974-5cbe-a448-df4d50096fc2,1.49,1,open_prices
1191be29-2b12-5d3f-8078-7c27bae12c92,0.39,1,open_prices
3359af5e-6876-53ee-b6b1-209d8c3a7275,1.49,1,open_prices
1af72b33-8894-5ceb-855c-4d4addf0473d,1.89,1,open_prices
25bbbcc2-bd4d-5a2f-aca3-e9861dc57b63,0.88,1,open_prices
