id,name,logo_url
bc883dfe-8c5b-5c5d-8db2-94fcec111527,Kaufland,
7f36d52e-be9b-4065-b08b-02cf4e97ed63,EDEKA,
4a0685d2-e243-4b2e-b9b7-100a501e2917,REWE,
ec88c807-734f-483d-90ab-f64b70eb6824,Netto,
d5f57bea-f319-50fd-86ab-29be50553acb,Akzenta,
cc1e8a14-1d30-5ba9-bc56-ec957ccfb058,Aldi,
3a5d857a-add6-54d4-806d-71c21872603e,Aldi Nord,
7167ce2d-5dc8-5ba2-ade2-db16c1e3fee1,Aldi Süd,
14368e91-6490-5bba-9011-128b8adcc7bc,HIT,
757e09fd-62b6-5d28-826f-bb120cb4154f,Lidl,
6348493a-94d1-5850-a958-2ffdce6307bf,Marktkauf,
7c5605df-07ae-50f3-a949-93a640e5b4a7,mytime.de,
03de5778-bcfd-5c86-9702-d4a6d71038e4,Norma,
a65d622e-7ad9-59b5-87a7-7b65f352c53e,Penny,
a919debc-344d-5643-bc7a-6b4ebf7e0a94,Rossmann,
d3339699-4ecc-56b4-8ecb-10b761ed8473,trinkgut,
